year,state_code,state_name,dist_code,district_name,pc11_state_name,pc11_state_id,pc11_district_name,pc11_district_id
2010,"02","Andhra Pradesh","07","Kadapa","andhra pradesh","28","",""
2010,"02","Andhra Pradesh","15","Nellore","andhra pradesh","28","",""
2010,"08","Bihar","10","Motihari","bihar","10","",""
2010,"08","Bihar","04","Saran at Chapra","bihar","10","",""
2010,"08","Bihar","28","Bettiah","bihar","10","",""
2010,"08","Bihar","13","Rohtas Sasaram","bihar","10","",""
2010,"18","Chhattisgarh","18","Janjgir","chhattisgarh","22","",""
2010,"18","Chhattisgarh","20","Bemetara","chhattisgarh","22","",""
2010,"18","Chhattisgarh","24","Mungeli","chhattisgarh","22","",""
2010,"18","Chhattisgarh","25","Balrampur Ramanujganj","chhattisgarh","22","",""
2010,"18","Chhattisgarh","22","Kondagaon","chhattisgarh","22","",""
2010,"18","Chhattisgarh","23","Balodabazar","chhattisgarh","22","",""
2010,"18","Chhattisgarh","09","Kawardha","chhattisgarh","22","",""
2010,"18","Chhattisgarh","19","Balod","chhattisgarh","22","",""
2010,"18","Chhattisgarh","17","Dantewada","chhattisgarh","22","",""
2010,"18","Chhattisgarh","21","Surajpur","chhattisgarh","22","",""
2010,"18","Chhattisgarh","13","Kanker","chhattisgarh","22","",""
2010,"32","DNH at Silvasa","01","Silvassa","dadra nagar haveli","26","",""
2010,"17","Gujarat","38","Aravalli at Modasa","gujarat","24","",""
2010,"17","Gujarat","29","Sabarkantha at Himmatnagar","gujarat","24","",""
2010,"17","Gujarat","19","Banaskanth at Palanpur","gujarat","24","",""
2010,"17","Gujarat","37","Gir Somnath at Veraval","gujarat","24","",""
2010,"17","Gujarat","41","Chhota Udepur","gujarat","24","",""
2010,"17","Gujarat","40","Devbhumi Dwarka at Khambhaliya","gujarat","24","",""
2010,"17","Gujarat","42","Mahisagar at Lunawada","gujarat","24","",""
2010,"17","Gujarat","27","Panchmahal at Godhra","gujarat","24","",""
2010,"17","Gujarat","43","BOTAD","gujarat","24","",""
2010,"17","Gujarat","25","Kheda at Nadiad","gujarat","24","",""
2010,"17","Gujarat","39","MORBI","gujarat","24","",""
2010,"17","Gujarat","26","kachchh at Bhuj","gujarat","24","",""
2010,"14","Haryana","11","Narnaul","haryana","06","",""
2010,"14","Haryana","06","Gurugram","haryana","06","",""
2010,"14","Haryana","19","Nuh","haryana","06","",""
2011,"12","Jammu and Kashmir","16","Leh","jammu kashmir","01","",""
2010,"07","Jharkhand","15","Seraikella","jharkhand","20","",""
2010,"07","Jharkhand","04","West Singhbhum at Chaibasa","jharkhand","20","",""
2010,"07","Jharkhand","11","East Singhbhum at Jamshedpur","jharkhand","20","",""
2010,"07","Jharkhand","17","Daltonganj","jharkhand","20","",""
2010,"03","Karnataka","03","VIJAYAPURA","karnataka","29","",""
2010,"03","Karnataka","04","KALABURAGI","karnataka","29","",""
2010,"03","Karnataka","01","BELAGAVI","karnataka","29","",""
2010,"04","Kerala","13","Lakshadweep","kerala","32","",""
2010,"23","Madhya Pradesh","02","Narsinghpur","madhya pradesh","23","",""
2010,"23","Madhya Pradesh","10","Khandwa","madhya pradesh","23","",""
2010,"23","Madhya Pradesh","16","Mandleshwar","madhya pradesh","23","",""
2010,"01","Maharashtra","37","Mumbai City Civil Court","maharashtra","27","",""
2010,"01","Maharashtra","41","Mah State Cooperative Appellat","maharashtra","27","",""
2010,"01","Maharashtra","39","Mumbai Motor Accident Claims T","maharashtra","27","",""
2010,"01","Maharashtra","43","Maharashtra-School Tribunals","maharashtra","27","",""
2010,"01","Maharashtra","38","Mumbai Small Causes Court","maharashtra","27","",""
2010,"01","Maharashtra","23","Mumbai CMM Courts","maharashtra","27","",""
2010,"01","Maharashtra","40","Maharashtra Industrial and Lab","maharashtra","27","",""
2010,"01","Maharashtra","42","Maharashtra-Family Courts","maharashtra","27","",""
2010,"21","Meghalaya","03","West Jaintia Hills","meghalaya","17","",""
2010,"26","Delhi","02","Shahdara","nct of delhi","07","",""
2010,"11","Orissa","13","Keonjhar","odisha","21","",""
2010,"11","Orissa","05","Balasore","odisha","21","",""
2010,"11","Orissa","20","Sonepur","odisha","21","",""
2010,"22","Punjab","26","Fazilka","punjab","03","",""
2010,"22","Punjab","06","Ferozepur","punjab","03","",""
2010,"22","Punjab","14","Sri Muktsar Sahib","punjab","03","",""
2010,"22","Punjab","15","SBS Nagar","punjab","03","",""
2010,"22","Punjab","21","Pathankot","punjab","03","",""
2010,"22","Punjab","24","Mohali","punjab","03","",""
2010,"09","Rajasthan","40","Jaipur Metro II","rajasthan","08","",""
2010,"09","Rajasthan","27","Balotra Barmer","rajasthan","08","",""
2010,"09","Rajasthan","04","Jaipur Metro","rajasthan","08","",""
2011,"09","Rajasthan","04","Jaipur Metro I","rajasthan","08","",""
2010,"09","Rajasthan","08","Merta (Nagaur)","rajasthan","08","",""
2010,"09","Rajasthan","28","Jodhpur Metro","rajasthan","08","",""
2010,"09","Rajasthan","39","Jodhpur District","rajasthan","08","",""
2010,"09","Rajasthan","38","Jaipur District","rajasthan","08","",""
2010,"24","Sikkim","04","Gangtok","sikkim","11","",""
2010,"24","Sikkim","01","Namchi","sikkim","11","",""
2010,"24","Sikkim","02","Mangan","sikkim","11","",""
2011,"24","Sikkim","03","Gyalshing","sikkim","11","",""
2010,"10","Tamil Nadu","28","Puducherry","tamil nadu","33","",""
2010,"20","Tripura","09","Sepahijala Tripura","tripura","16","",""
2010,"20","Tripura","05","Unakoti  Tripura","tripura","16","",""
2010,"20","Tripura","11","Dhalai Tripura","tripura","16","",""
2010,"20","Tripura","06","Gomati District","tripura","16","",""
2010,"20","Tripura","10","Khowai Tripura","tripura","16","",""
2010,"13","Uttar Pradesh","22","Bhadohi SR Nagar","uttar pradesh","09","",""
2010,"13","Uttar Pradesh","76","Shamli","uttar pradesh","09","",""
2010,"13","Uttar Pradesh","74","Sambhal at Chandausi","uttar pradesh","09","",""
2010,"13","Uttar Pradesh","65","Hathras","uttar pradesh","09","",""
2010,"13","Uttar Pradesh","10","Lakhimpur","uttar pradesh","09","",""
2010,"13","Uttar Pradesh","73","Hapur","uttar pradesh","09","",""
2010,"15","Uttarakhand","02","Pauri Garhwal","uttarakhand","05","",""
2010,"16","West Bengal","24","Paschim Bardhaman","west bengal","19","",""
2010,"16","West Bengal","21","North Dinajpur","west bengal","19","",""
2010,"16","West Bengal","13","South Dinajpur","west bengal","19","",""
2010,"16","West Bengal","25","Jhargram","west bengal","19","",""
2010,"16","West Bengal","03","Calcutta","west bengal","19","",""
2010,"16","West Bengal","18","Purba Bardhaman","west bengal","19","",""
2010,"16","West Bengal","06","Coochbehar","west bengal","19","",""
2010,"16","West Bengal","23","kalimpong","west bengal","19","",""
2010,"29","Telangana","01","Adilabad","andhra pradesh","28","adilabad","532"
2010,"02","Andhra Pradesh","02","Ananthapur","andhra pradesh","28","anantapur","553"
2010,"02","Andhra Pradesh","03","Chittoor","andhra pradesh","28","chittoor","554"
2010,"02","Andhra Pradesh","04","East Godavari","andhra pradesh","28","east godavari","545"
2010,"02","Andhra Pradesh","05","Guntur","andhra pradesh","28","guntur","548"
2010,"29","Telangana","02","Hyderabad","andhra pradesh","28","hyderabad","536"
2010,"29","Telangana","03","Karimnagar","andhra pradesh","28","karimnagar","534"
2010,"29","Telangana","04","Khammam","andhra pradesh","28","khammam","541"
2010,"02","Andhra Pradesh","11","Krishna","andhra pradesh","28","krishna","547"
2010,"02","Andhra Pradesh","10","Kurnool","andhra pradesh","28","kurnool","552"
2010,"29","Telangana","05","Mahabubnagar","andhra pradesh","28","mahbubnagar","538"
2010,"29","Telangana","06","Medak","andhra pradesh","28","medak","535"
2010,"29","Telangana","07","Nalgonda","andhra pradesh","28","nalgonda","539"
2010,"29","Telangana","08","Nizamabad","andhra pradesh","28","nizamabad","533"
2010,"02","Andhra Pradesh","17","Prakasham","andhra pradesh","28","prakasam","549"
2010,"29","Telangana","09","Rangareddy","andhra pradesh","28","rangareddy","537"
2010,"02","Andhra Pradesh","19","Srikakulam","andhra pradesh","28","srikakulam","542"
2010,"02","Andhra Pradesh","20","Visakapatnam","andhra pradesh","28","visakhapatnam","544"
2010,"02","Andhra Pradesh","21","Vizianagaram","andhra pradesh","28","vizianagaram","543"
2010,"29","Telangana","10","Warangal","andhra pradesh","28","warangal","540"
2010,"02","Andhra Pradesh","23","West Godavari","andhra pradesh","28","west godavari","546"
2010,"06","Assam","27","Baksa","assam","18","baksa","324"
2010,"06","Assam","20","Barpeta","assam","18","barpeta","303"
2010,"06","Assam","09","Bongaigaon","assam","18","bongaigaon","319"
2010,"06","Assam","13","Cachar","assam","18","cachar","316"
2010,"06","Assam","25","Chirang","assam","18","chirang","320"
2010,"06","Assam","08","Darrang","assam","18","darrang","325"
2010,"06","Assam","17","Dhemaji","assam","18","dhemaji","308"
2010,"06","Assam","16","Dhubri","assam","18","dhubri","301"
2010,"06","Assam","07","Dibrugarh","assam","18","dibrugarh","310"
2010,"06","Assam","28","Dima Hasao","assam","18","dima hasao","315"
2010,"06","Assam","18","Goalpara","assam","18","goalpara","302"
2010,"06","Assam","19","Golaghat","assam","18","golaghat","313"
2010,"06","Assam","21","Hailakandi","assam","18","hailakandi","318"
2010,"06","Assam","11","Jorhat","assam","18","jorhat","312"
2010,"06","Assam","23","Kamrup","assam","18","kamrup","321"
2010,"06","Assam","01","Kamrup Metro","assam","18","kamrup metropolitan","322"
2010,"06","Assam","26","Karbi Anglong","assam","18","karbi anglong","314"
2010,"06","Assam","12","Karimganj","assam","18","karimganj","317"
2010,"06","Assam","22","Kokrajhar","assam","18","kokrajhar","300"
2010,"06","Assam","05","Lakhimpur","assam","18","lakhimpur","307"
2010,"06","Assam","04","Morigaon","assam","18","morigaon","304"
2010,"06","Assam","10","Nagaon","assam","18","nagaon","305"
2010,"06","Assam","15","Nalbari","assam","18","nalbari","323"
2010,"06","Assam","03","Sivasagar","assam","18","sivasagar","311"
2010,"06","Assam","06","Sonitpur","assam","18","sonitpur","306"
2010,"06","Assam","02","Tinsukia","assam","18","tinsukia","309"
2010,"06","Assam","24","Udalguri","assam","18","udalguri","326"
2010,"08","Bihar","24","Araria","bihar","10","araria","209"
2010,"08","Bihar","16","Aurangabad","bihar","10","aurangabad","235"
2010,"08","Bihar","07","Banka","bihar","10","banka","225"
2010,"08","Bihar","06","Begusarai","bihar","10","begusarai","222"
2010,"08","Bihar","34","Bhagalpur","bihar","10","bhagalpur","224"
2010,"08","Bihar","33","Bhojpur","bihar","10","bhojpur","231"
2010,"08","Bihar","26","Buxar","bihar","10","buxar","232"
2010,"08","Bihar","17","Darbhanga","bihar","10","darbhanga","215"
2010,"08","Bihar","35","Gaya","bihar","10","gaya","236"
2010,"08","Bihar","23","Gopalganj","bihar","10","gopalganj","217"
2010,"08","Bihar","15","Jamui","bihar","10","jamui","238"
2010,"08","Bihar","36","Jehanabad","bihar","10","jehanabad","239"
2010,"08","Bihar","02","Kaimur at Bhabhua","bihar","10","kaimur bhabua","233"
2010,"08","Bihar","05","Katihar","bihar","10","katihar","212"
2010,"08","Bihar","14","Khagaria","bihar","10","khagaria","223"
2010,"08","Bihar","25","Kishanganj","bihar","10","kishanganj","210"
2010,"08","Bihar","19","Lakhisarai","bihar","10","lakhisarai","227"
2010,"08","Bihar","12","Madhepura","bihar","10","madhepura","213"
2010,"08","Bihar","18","Madhubani","bihar","10","madhubani","207"
2010,"08","Bihar","11","Munger","bihar","10","munger","226"
2010,"08","Bihar","38","Muzaffarpur","bihar","10","muzaffarpur","216"
2010,"08","Bihar","30","Nalanda","bihar","10","nalanda","229"
2010,"08","Bihar","27","Nawada","bihar","10","nawada","237"
2010,"08","Bihar","01","Patna","bihar","10","patna","230"
2010,"08","Bihar","09","Purnea","bihar","10","purnia","211"
2010,"08","Bihar","21","Saharsa","bihar","10","saharsa","214"
2010,"08","Bihar","03","Samastipur","bihar","10","samastipur","221"
2010,"08","Bihar","20","Sheikhpura","bihar","10","sheikhpura","228"
2010,"08","Bihar","37","Sheohar","bihar","10","sheohar","205"
2010,"08","Bihar","31","Sitamarhi","bihar","10","sitamarhi","206"
2010,"08","Bihar","29","Siwan","bihar","10","siwan","218"
2010,"08","Bihar","22","Supaul","bihar","10","supaul","208"
2010,"08","Bihar","39","Vaishali","bihar","10","vaishali","220"
2010,"27","Chandigarh","01","Chandigarh","chandigarh","04","chandigarh","055"
2010,"18","Chhattisgarh","15","Bastar","chhattisgarh","22","bastar","414"
2010,"18","Chhattisgarh","02","Bilaspur","chhattisgarh","22","bilaspur","406"
2010,"18","Chhattisgarh","05","Dhamtari","chhattisgarh","22","dhamtari","412"
2010,"18","Chhattisgarh","07","Durg","chhattisgarh","22","durg","409"
2010,"18","Chhattisgarh","16","Jashpur","chhattisgarh","22","jashpur","402"
2010,"18","Chhattisgarh","01","Korba","chhattisgarh","22","korba","404"
2010,"18","Chhattisgarh","11","Koriya","chhattisgarh","22","koriya","400"
2010,"18","Chhattisgarh","12","Mahasamund","chhattisgarh","22","mahasamund","411"
2010,"18","Chhattisgarh","06","Raigarh","chhattisgarh","22","raigarh","403"
2010,"18","Chhattisgarh","03","Raipur","chhattisgarh","22","raipur","410"
2010,"18","Chhattisgarh","10","Rajnandgaon","chhattisgarh","22","rajnandgaon","408"
2010,"18","Chhattisgarh","04","Surguja","chhattisgarh","22","surguja","401"
2010,"31","Diu and Daman","02","Daman","daman diu","25","daman","495"
2010,"31","Diu and Daman","01","Diu","daman diu","25","diu","494"
2010,"30","Goa","01","North Goa","goa","30","north goa","585"
2010,"30","Goa","02","South Goa","goa","30","south goa","586"
2010,"17","Gujarat","13","Ahmedabad","gujarat","24","ahmadabad","474"
2010,"17","Gujarat","17","Amreli","gujarat","24","amreli","480"
2010,"17","Gujarat","18","Anand","gujarat","24","anand","482"
2010,"17","Gujarat","20","Bharuch","gujarat","24","bharuch","488"
2010,"17","Gujarat","21","Bhavnagar","gujarat","24","bhavnagar","481"
2010,"17","Gujarat","22","Dahod","gujarat","24","dohad","485"
2010,"17","Gujarat","11","GANDHINAGAR","gujarat","24","gandhinagar","473"
2010,"17","Gujarat","23","Jamnagar","gujarat","24","jamnagar","477"
2010,"17","Gujarat","24","Junagadh","gujarat","24","junagadh","479"
2010,"17","Gujarat","15","Mahesana","gujarat","24","mahesana","471"
2010,"17","Gujarat","33","Narmada","gujarat","24","narmada","487"
2010,"17","Gujarat","32","Navsari","gujarat","24","navsari","490"
2010,"17","Gujarat","28","Patan","gujarat","24","patan","470"
2010,"17","Gujarat","36","Porbandar","gujarat","24","porbandar","478"
2010,"17","Gujarat","16","RAJKOT","gujarat","24","rajkot","476"
2010,"17","Gujarat","14","SURAT","gujarat","24","surat","492"
2010,"17","Gujarat","30","Surendranagar","gujarat","24","surendranagar","475"
2010,"17","Gujarat","34","Tapi","gujarat","24","tapi","493"
2010,"17","Gujarat","31","Vadodara","gujarat","24","vadodara","486"
2010,"17","Gujarat","35","Valsad","gujarat","24","valsad","491"
2010,"14","Haryana","03","Ambala","haryana","06","ambala","070"
2010,"14","Haryana","04","Bhiwani","haryana","06","bhiwani","081"
2010,"14","Haryana","05","Faridabad","haryana","06","faridabad","088"
2010,"14","Haryana","15","Fatehabad","haryana","06","fatehabad","078"
2010,"14","Haryana","07","Hisar","haryana","06","hisar","080"
2010,"14","Haryana","08","Jhajjar","haryana","06","jhajjar","083"
2010,"14","Haryana","09","Jind","haryana","06","jind","077"
2010,"14","Haryana","16","Kaithal","haryana","06","kaithal","073"
2010,"14","Haryana","01","Karnal","haryana","06","karnal","074"
2010,"14","Haryana","10","Kurukshetra","haryana","06","kurukshetra","072"
2010,"14","Haryana","23","Palwal","haryana","06","palwal","089"
2010,"14","Haryana","14","Panchkula","haryana","06","panchkula","069"
2010,"14","Haryana","18","Panipat","haryana","06","panipat","075"
2010,"14","Haryana","17","Rewari","haryana","06","rewari","085"
2010,"14","Haryana","12","Rohtak","haryana","06","rohtak","082"
2010,"14","Haryana","02","Sirsa","haryana","06","sirsa","079"
2010,"14","Haryana","13","Sonepat","haryana","06","sonipat","076"
2010,"14","Haryana","20","Yamunanagar","haryana","06","yamunanagar","071"
2010,"05","Himachal Pradesh","07","Bilaspur","himachal pradesh","02","bilaspur","030"
2010,"05","Himachal Pradesh","08","Chamba","himachal pradesh","02","chamba","023"
2010,"05","Himachal Pradesh","01","Hamirpur","himachal pradesh","02","hamirpur","028"
2010,"05","Himachal Pradesh","02","Kangra","himachal pradesh","02","kangra","024"
2010,"05","Himachal Pradesh","09","Kinnaur","himachal pradesh","02","kinnaur","034"
2010,"05","Himachal Pradesh","10","Kullu","himachal pradesh","02","kullu","026"
2010,"05","Himachal Pradesh","06","Mandi","himachal pradesh","02","mandi","027"
2010,"05","Himachal Pradesh","11","Shimla","himachal pradesh","02","shimla","033"
2010,"05","Himachal Pradesh","03","Sirmaur","himachal pradesh","02","sirmaur","032"
2010,"05","Himachal Pradesh","05","Solan","himachal pradesh","02","solan","031"
2010,"05","Himachal Pradesh","04","Una","himachal pradesh","02","una","029"
2010,"12","Jammu and Kashmir","04","Anantnag","jammu kashmir","01","anantnag","014"
2010,"12","Jammu and Kashmir","08","Budgam","jammu kashmir","01","badgam","002"
2010,"12","Jammu and Kashmir","18","Bandipora","jammu kashmir","01","bandipore","009"
2010,"12","Jammu and Kashmir","03","Baramulla","jammu kashmir","01","baramula","008"
2010,"12","Jammu and Kashmir","15","Doda","jammu kashmir","01","doda","016"
2010,"12","Jammu and Kashmir","07","Ganderbal","jammu kashmir","01","ganderbal","011"
2010,"12","Jammu and Kashmir","19","Jammu","jammu kashmir","01","jammu","021"
2010,"12","Jammu and Kashmir","17","Kargil","jammu kashmir","01","kargil","004"
2010,"12","Jammu and Kashmir","01","Kathua","jammu kashmir","01","kathua","007"
2010,"12","Jammu and Kashmir","22","Kishtwar","jammu kashmir","01","kishtwar","018"
2010,"12","Jammu and Kashmir","20","Kulgam","jammu kashmir","01","kulgam","015"
2010,"12","Jammu and Kashmir","11","Kupwara","jammu kashmir","01","kupwara","001"
2010,"12","Jammu and Kashmir","06","Pulwama","jammu kashmir","01","pulwama","012"
2010,"12","Jammu and Kashmir","12","Poonch","jammu kashmir","01","punch","005"
2010,"12","Jammu and Kashmir","13","Rajouri","jammu kashmir","01","rajouri","006"
2010,"12","Jammu and Kashmir","14","Ramban","jammu kashmir","01","ramban","017"
2010,"12","Jammu and Kashmir","09","Reasi","jammu kashmir","01","reasi","020"
2010,"12","Jammu and Kashmir","21","Samba","jammu kashmir","01","samba","022"
2010,"12","Jammu and Kashmir","10","Shopian","jammu kashmir","01","shupiyan","013"
2010,"12","Jammu and Kashmir","05","Srinagar","jammu kashmir","01","srinagar","010"
2010,"12","Jammu and Kashmir","02","Udhampur","jammu kashmir","01","udhampur","019"
2010,"07","Jharkhand","01","Bokaro","jharkhand","20","bokaro","355"
2010,"07","Jharkhand","13","Chatra","jharkhand","20","chatra","347"
2010,"07","Jharkhand","16","Deoghar","jharkhand","20","deoghar","350"
2010,"07","Jharkhand","09","Dhanbad","jharkhand","20","dhanbad","354"
2010,"07","Jharkhand","02","Dumka","jharkhand","20","dumka","362"
2010,"07","Jharkhand","20","Garhwa","jharkhand","20","garhwa","346"
2010,"07","Jharkhand","10","Giridih","jharkhand","20","giridih","349"
2010,"07","Jharkhand","06","Godda","jharkhand","20","godda","351"
2010,"07","Jharkhand","05","Gumla","jharkhand","20","gumla","366"
2010,"07","Jharkhand","07","Hazaribagh","jharkhand","20","hazaribagh","360"
2010,"07","Jharkhand","12","Jamtara","jharkhand","20","jamtara","363"
2010,"07","Jharkhand","24","KHUNTI","jharkhand","20","khunti","365"
2010,"07","Jharkhand","03","Koderma","jharkhand","20","kodarma","348"
2010,"07","Jharkhand","19","Latehar","jharkhand","20","latehar","359"
2010,"07","Jharkhand","08","Lohardaga","jharkhand","20","lohardaga","356"
2010,"07","Jharkhand","14","Pakur","jharkhand","20","pakur","353"
2010,"07","Jharkhand","23","RAMGARH","jharkhand","20","ramgarh","361"
2010,"07","Jharkhand","22","Ranchi","jharkhand","20","ranchi","364"
2010,"07","Jharkhand","21","Sahibganj","jharkhand","20","sahibganj","352"
2010,"07","Jharkhand","18","Simdega","jharkhand","20","simdega","367"
2010,"03","Karnataka","02","BAGALKOT","karnataka","29","bagalkot","556"
2010,"03","Karnataka","20","BENGALURU","karnataka","29","bangalore","572"
2010,"03","Karnataka","21","BENGALURU RURAL","karnataka","29","bangalore rural","583"
2010,"03","Karnataka","12","BALLARI","karnataka","29","bellary","565"
2010,"03","Karnataka","05","BIDAR","karnataka","29","bidar","558"
2010,"03","Karnataka","27","CHAMRAJNAGAR","karnataka","29","chamarajanagar","578"
2010,"03","Karnataka","29","CHIKKABALLAPUR","karnataka","29","chikkaballapura","582"
2010,"03","Karnataka","17","CHIKKAMAGALURU","karnataka","29","chikmagalur","570"
2010,"03","Karnataka","13","CHITRADURGA","karnataka","29","chitradurga","566"
2010,"03","Karnataka","24","DAKSHINA KANNADA","karnataka","29","dakshina kannada","575"
2010,"03","Karnataka","14","DAVANGERE","karnataka","29","davanagere","567"
2010,"03","Karnataka","09","DHARWAD","karnataka","29","dharwad","562"
2010,"03","Karnataka","08","GADAG","karnataka","29","gadag","561"
2010,"03","Karnataka","23","HASSAN","karnataka","29","hassan","574"
2010,"03","Karnataka","11","HAVERI","karnataka","29","haveri","564"
2010,"03","Karnataka","25","KODAGU","karnataka","29","kodagu","576"
2010,"03","Karnataka","19","KOLAR","karnataka","29","kolar","581"
2010,"03","Karnataka","07","KOPPAL","karnataka","29","koppal","560"
2010,"03","Karnataka","22","MANDYA","karnataka","29","mandya","573"
2010,"03","Karnataka","26","MYSURU","karnataka","29","mysore","577"
2010,"03","Karnataka","06","RAICHUR","karnataka","29","raichur","559"
2010,"03","Karnataka","28","RAMANAGARAM","karnataka","29","ramanagara","584"
2010,"03","Karnataka","15","SHIVAMOGGA","karnataka","29","shimoga","568"
2010,"03","Karnataka","18","TUMAKURU","karnataka","29","tumkur","571"
2010,"03","Karnataka","16","UDUPI","karnataka","29","udupi","569"
2010,"03","Karnataka","10","UTTARA KANNADA","karnataka","29","uttara kannada","563"
2010,"03","Karnataka","30","YADGIR.","karnataka","29","yadgir","580"
2010,"04","Kerala","06","Alappuzha","kerala","32","alappuzha","598"
2010,"04","Kerala","02","Ernakulam","kerala","32","ernakulam","595"
2010,"04","Kerala","07","Idukki","kerala","32","idukki","596"
2010,"04","Kerala","03","Kannur","kerala","32","kannur","589"
2010,"04","Kerala","01","Kasaragod","kerala","32","kasaragod","588"
2010,"04","Kerala","15","Kollam","kerala","32","kollam","600"
2010,"04","Kerala","10","Kottayam","kerala","32","kottayam","597"
2010,"04","Kerala","05","Kozhikode","kerala","32","kozhikode","591"
2010,"04","Kerala","11","Malappuram","kerala","32","malappuram","592"
2010,"04","Kerala","08","Palakkad","kerala","32","palakkad","593"
2010,"04","Kerala","12","Pathanamthitta","kerala","32","pathanamthitta","599"
2010,"04","Kerala","09","Thiruvananthapuram","kerala","32","thiruvananthapuram","601"
2010,"04","Kerala","04","Thrissur","kerala","32","thrissur","594"
2010,"04","Kerala","16","Wayanad","kerala","32","wayanad","590"
2010,"23","Madhya Pradesh","08","Alirajpur","madhya pradesh","23","alirajpur","465"
2010,"23","Madhya Pradesh","22","Anuppur","madhya pradesh","23","anuppur","461"
2010,"23","Madhya Pradesh","48","Ashoknagr","madhya pradesh","23","ashoknagar","459"
2010,"23","Madhya Pradesh","26","Balaghat","madhya pradesh","23","balaghat","457"
2010,"23","Madhya Pradesh","18","Barwani","madhya pradesh","23","barwani","441"
2010,"23","Madhya Pradesh","37","Betul","madhya pradesh","23","betul","447"
2010,"23","Madhya Pradesh","29","Bhind","madhya pradesh","23","bhind","420"
2010,"23","Madhya Pradesh","50","Bhopal","madhya pradesh","23","bhopal","444"
2010,"23","Madhya Pradesh","49","Burhanpur","madhya pradesh","23","burhanpur","467"
2010,"23","Madhya Pradesh","39","Chhatarpur","madhya pradesh","23","chhatarpur","425"
2010,"23","Madhya Pradesh","20","Chhindwara","madhya pradesh","23","chhindwara","455"
2010,"23","Madhya Pradesh","27","Damoh","madhya pradesh","23","damoh","428"
2010,"23","Madhya Pradesh","13","Datia","madhya pradesh","23","datia","422"
2010,"23","Madhya Pradesh","40","Dewas","madhya pradesh","23","dewas","437"
2010,"23","Madhya Pradesh","38","Dhar","madhya pradesh","23","dhar","438"
2010,"23","Madhya Pradesh","06","Dindori","madhya pradesh","23","dindori","453"
2010,"23","Madhya Pradesh","30","Guna","madhya pradesh","23","guna","458"
2010,"23","Madhya Pradesh","44","Gwalior","madhya pradesh","23","gwalior","421"
2010,"23","Madhya Pradesh","04","Harda","madhya pradesh","23","harda","448"
2010,"23","Madhya Pradesh","03","Hoshangabad","madhya pradesh","23","hoshangabad","449"
2010,"23","Madhya Pradesh","47","Indore","madhya pradesh","23","indore","439"
2010,"23","Madhya Pradesh","01","Jabalpur","madhya pradesh","23","jabalpur","451"
2010,"23","Madhya Pradesh","09","Jhabua","madhya pradesh","23","jhabua","464"
2010,"23","Madhya Pradesh","34","Katni","madhya pradesh","23","katni","450"
2010,"23","Madhya Pradesh","41","Mandla","madhya pradesh","23","mandla","454"
2010,"23","Madhya Pradesh","35","Mandsaur","madhya pradesh","23","mandsaur","433"
2010,"23","Madhya Pradesh","15","Morena","madhya pradesh","23","morena","419"
2010,"23","Madhya Pradesh","17","Neemuch","madhya pradesh","23","neemuch","432"
2010,"23","Madhya Pradesh","07","Panna","madhya pradesh","23","panna","426"
2010,"23","Madhya Pradesh","24","Raisen","madhya pradesh","23","raisen","446"
2010,"23","Madhya Pradesh","14","Rajgarh","madhya pradesh","23","rajgarh","442"
2010,"23","Madhya Pradesh","42","Ratlam","madhya pradesh","23","ratlam","434"
2010,"23","Madhya Pradesh","46","Rewa","madhya pradesh","23","rewa","430"
2010,"23","Madhya Pradesh","43","Sagar","madhya pradesh","23","sagar","427"
2010,"23","Madhya Pradesh","32","Satna","madhya pradesh","23","satna","429"
2010,"23","Madhya Pradesh","25","Sehore","madhya pradesh","23","sehore","445"
2010,"23","Madhya Pradesh","33","Seoni","madhya pradesh","23","seoni","456"
2010,"23","Madhya Pradesh","11","Shahdol","madhya pradesh","23","shahdol","460"
2010,"23","Madhya Pradesh","19","Shajapur","madhya pradesh","23","shajapur","436"
2010,"23","Madhya Pradesh","12","Sheopur","madhya pradesh","23","sheopur","418"
2010,"23","Madhya Pradesh","23","Shivpuri","madhya pradesh","23","shivpuri","423"
2010,"23","Madhya Pradesh","21","Sidhi","madhya pradesh","23","sidhi","462"
2010,"23","Madhya Pradesh","31","Singrauli","madhya pradesh","23","singrauli","463"
2010,"23","Madhya Pradesh","36","Tikamgarh","madhya pradesh","23","tikamgarh","424"
2010,"23","Madhya Pradesh","45","Ujjain","madhya pradesh","23","ujjain","435"
2010,"23","Madhya Pradesh","05","Umaria","madhya pradesh","23","umaria","431"
2010,"23","Madhya Pradesh","28","Vidisha","madhya pradesh","23","vidisha","443"
2010,"01","Maharashtra","26","Ahmednagar","maharashtra","27","ahmadnagar","522"
2010,"01","Maharashtra","05","Akola","maharashtra","27","akola","501"
2010,"01","Maharashtra","07","Amravati","maharashtra","27","amravati","503"
2010,"01","Maharashtra","19","Aurangabad","maharashtra","27","aurangabad","515"
2010,"01","Maharashtra","10","Bhandara","maharashtra","27","bhandara","506"
2010,"01","Maharashtra","27","Beed","maharashtra","27","bid","523"
2010,"01","Maharashtra","04","Buldhana","maharashtra","27","buldana","500"
2010,"01","Maharashtra","13","Chandrapur","maharashtra","27","chandrapur","509"
2010,"01","Maharashtra","02","Dhule","maharashtra","27","dhule","498"
2010,"01","Maharashtra","12","Gadchiroli","maharashtra","27","gadchiroli","508"
2010,"01","Maharashtra","11","Gondia","maharashtra","27","gondiya","507"
2010,"01","Maharashtra","03","Jalgaon","maharashtra","27","jalgaon","499"
2010,"01","Maharashtra","18","Jalna","maharashtra","27","jalna","514"
2010,"01","Maharashtra","34","Kolhapur","maharashtra","27","kolhapur","530"
2010,"01","Maharashtra","28","Latur","maharashtra","27","latur","524"
2010,"01","Maharashtra","09","Nagpur","maharashtra","27","nagpur","505"
2010,"01","Maharashtra","15","Nanded","maharashtra","27","nanded","511"
2010,"01","Maharashtra","01","Nandurbar","maharashtra","27","nandurbar","497"
2010,"01","Maharashtra","20","Nashik","maharashtra","27","nashik","516"
2010,"01","Maharashtra","29","Osmanabad","maharashtra","27","osmanabad","525"
2010,"01","Maharashtra","17","Parbhani","maharashtra","27","parbhani","513"
2010,"01","Maharashtra","25","Pune","maharashtra","27","pune","521"
2010,"01","Maharashtra","24","Raigad","maharashtra","27","raigarh","520"
2010,"01","Maharashtra","32","Ratnagiri","maharashtra","27","ratnagiri","528"
2010,"01","Maharashtra","35","Sangli","maharashtra","27","sangli","531"
2010,"01","Maharashtra","31","Satara","maharashtra","27","satara","527"
2010,"01","Maharashtra","33","Sindhudurg","maharashtra","27","sindhudurg","529"
2010,"01","Maharashtra","30","Solapur","maharashtra","27","solapur","526"
2010,"01","Maharashtra","21","Thane","maharashtra","27","thane","517"
2010,"01","Maharashtra","08","Wardha","maharashtra","27","wardha","504"
2010,"01","Maharashtra","36","Washim","maharashtra","27","washim","502"
2010,"01","Maharashtra","14","Yavatmal","maharashtra","27","yavatmal","510"
2010,"25","Manipur","03","Bishnupur","manipur","14","bishnupur","275"
2014,"25","Manipur","08","Chandel","manipur","14","chandel","280"
2010,"25","Manipur","06","Churachandpur","manipur","14","churachandpur","274"
2010,"25","Manipur","01","Imphal East","manipur","14","imphal east","278"
2010,"25","Manipur","02","Imphal West","manipur","14","imphal west","277"
2010,"25","Manipur","05","Senapati","manipur","14","senapati","272"
2010,"25","Manipur","09","Tamenglong","manipur","14","tamenglong","273"
2010,"25","Manipur","04","Thoubal","manipur","14","thoubal","276"
2010,"21","Meghalaya","04","East Garo Hills","meghalaya","17","east garo hills","294"
2010,"21","Meghalaya","01","East Khasi Hills","meghalaya","17","east khasi hills","298"
2010,"21","Meghalaya","05","Ri Bhoi","meghalaya","17","ribhoi","297"
2010,"21","Meghalaya","02","West Garo Hills","meghalaya","17","west garo hills","293"
2014,"21","Meghalaya","07","West Khasi Hills","meghalaya","17","west khasi hills","296"
2010,"19","Mizoram","01","Aizawl","mizoram","15","aizawl","283"
2010,"19","Mizoram","02","Lunglei","mizoram","15","lunglei","286"
2010,"26","Delhi","08","Central","nct of delhi","07","central","095"
2010,"26","Delhi","03","East","nct of delhi","07","east","093"
2010,"26","Delhi","07","New Delhi","nct of delhi","07","new delhi","094"
2010,"26","Delhi","04","North","nct of delhi","07","north","091"
2010,"26","Delhi","01","North East","nct of delhi","07","north east","092"
2010,"26","Delhi","05","North West","nct of delhi","07","north west","090"
2010,"26","Delhi","10","South","nct of delhi","07","south","098"
2010,"26","Delhi","06","South West","nct of delhi","07","south west","097"
2010,"26","Delhi","11","South East","nct of delhi","07","south west","097"
2010,"26","Delhi","09","West","nct of delhi","07","west","096"
2010,"11","Orissa","27","Anugul","odisha","21","anugul","384"
2010,"11","Orissa","17","Balangir","odisha","21","balangir","393"
2010,"11","Orissa","29","Bargarh","odisha","21","bargarh","370"
2010,"11","Orissa","24","Boudh","odisha","21","baudh","391"
2010,"11","Orissa","18","Bhadrak","odisha","21","bhadrak","378"
2010,"11","Orissa","01","Cuttack","odisha","21","cuttack","381"
2010,"11","Orissa","30","Deogarh","odisha","21","debagarh","373"
2010,"11","Orissa","07","Dhenkanal","odisha","21","dhenkanal","383"
2010,"11","Orissa","09","Gajapati","odisha","21","gajapati","389"
2010,"11","Orissa","04","Ganjam","odisha","21","ganjam","388"
2010,"11","Orissa","14","Jagatsinghpur","odisha","21","jagatsinghapur","380"
2010,"11","Orissa","19","Jajpur","odisha","21","jajapur","382"
2010,"11","Orissa","12","Jharsuguda","odisha","21","jharsuguda","371"
2010,"11","Orissa","10","Kalahandi","odisha","21","kalahandi","395"
2010,"11","Orissa","23","Kandhamal","odisha","21","kandhamal","390"
2010,"11","Orissa","02","Kendrapada","odisha","21","kendrapara","379"
2010,"11","Orissa","08","Khurda","odisha","21","khordha","386"
2010,"11","Orissa","06","Koraput","odisha","21","koraput","398"
2010,"11","Orissa","31","Malkangiri","odisha","21","malkangiri","399"
2010,"11","Orissa","26","Mayurbhanj","odisha","21","mayurbhanj","376"
2010,"11","Orissa","32","Nabarangpur","odisha","21","nabarangapur","397"
2010,"11","Orissa","22","Nayagarh","odisha","21","nayagarh","385"
2010,"11","Orissa","03","Nuapada","odisha","21","nuapada","394"
2010,"11","Orissa","15","Puri","odisha","21","puri","387"
2010,"11","Orissa","21","Rayagada","odisha","21","rayagada","396"
2010,"11","Orissa","11","Sambalpur","odisha","21","sambalpur","372"
2010,"11","Orissa","16","Sundargarh","odisha","21","sundargarh","374"
2010,"22","Punjab","08","Amritsar","punjab","03","amritsar","049"
2010,"22","Punjab","16","Barnala","punjab","03","barnala","054"
2010,"22","Punjab","17","Bathinda","punjab","03","bathinda","046"
2010,"22","Punjab","09","Faridkot","punjab","03","faridkot","045"
2010,"22","Punjab","04","Fatehgarh Sahib","punjab","03","fatehgarh sahib","040"
2010,"22","Punjab","10","Gurdaspur","punjab","03","gurdaspur","035"
2010,"22","Punjab","18","Hoshiarpurr","punjab","03","hoshiarpur","038"
2017,"22","Punjab","18","Hoshiarpur","punjab","03","hoshiarpur","038"
2010,"22","Punjab","02","Jalandhar","punjab","03","jalandhar","037"
2010,"22","Punjab","11","Kapurthala","punjab","03","kapurthala","036"
2010,"22","Punjab","01","Ludhiana","punjab","03","ludhiana","041"
2010,"22","Punjab","13","Mansa","punjab","03","mansa","047"
2010,"22","Punjab","12","Moga","punjab","03","moga","042"
2010,"22","Punjab","05","Patiala","punjab","03","patiala","048"
2010,"22","Punjab","03","Rupnagar","punjab","03","rupnagar","051"
2010,"22","Punjab","19","Sangrur","punjab","03","sangrur","053"
2010,"22","Punjab","23","Tarn Taran","punjab","03","tarn taran","050"
2010,"09","Rajasthan","14","Ajmer","rajasthan","08","ajmer","119"
2010,"09","Rajasthan","02","Alwar","rajasthan","08","alwar","104"
2010,"09","Rajasthan","25","Banswara","rajasthan","08","banswara","125"
2010,"09","Rajasthan","12","Baran","rajasthan","08","baran","128"
2010,"09","Rajasthan","13","Bharatpur","rajasthan","08","bharatpur","105"
2010,"09","Rajasthan","31","Bhilwara","rajasthan","08","bhilwara","122"
2010,"09","Rajasthan","06","Bikaner","rajasthan","08","bikaner","101"
2010,"09","Rajasthan","10","Bundi","rajasthan","08","bundi","121"
2010,"09","Rajasthan","30","Chittorgarh","rajasthan","08","chittaurgarh","126"
2010,"09","Rajasthan","33","Churu","rajasthan","08","churu","102"
2010,"09","Rajasthan","03","Dausa","rajasthan","08","dausa","109"
2010,"09","Rajasthan","34","Dholpur","rajasthan","08","dhaulpur","106"
2010,"09","Rajasthan","24","Dungarpur","rajasthan","08","dungarpur","124"
2010,"09","Rajasthan","07","Ganganagar","rajasthan","08","ganganagar","099"
2010,"09","Rajasthan","11","Hanumangarh","rajasthan","08","hanumangarh","100"
2010,"09","Rajasthan","32","Jaiselmer","rajasthan","08","jaisalmer","114"
2010,"09","Rajasthan","21","Jalore","rajasthan","08","jalor","116"
2010,"09","Rajasthan","22","Jhalawar","rajasthan","08","jhalawar","129"
2010,"09","Rajasthan","18","Jhunjhunu","rajasthan","08","jhunjhunun","103"
2010,"09","Rajasthan","29","Karauli","rajasthan","08","karauli","107"
2010,"09","Rajasthan","20","Kota","rajasthan","08","kota","127"
2010,"09","Rajasthan","19","Pali","rajasthan","08","pali","118"
2010,"09","Rajasthan","23","Pratapgarh","rajasthan","08","pratapgarh","131"
2010,"09","Rajasthan","01","Rajsamand","rajasthan","08","rajsamand","123"
2010,"09","Rajasthan","36","Sawai Madhopur","rajasthan","08","sawai madhopur","108"
2010,"09","Rajasthan","35","Sikar","rajasthan","08","sikar","111"
2010,"09","Rajasthan","26","Sirohi","rajasthan","08","sirohi","117"
2010,"09","Rajasthan","05","Tonk","rajasthan","08","tonk","120"
2010,"09","Rajasthan","09","Udaipur","rajasthan","08","udaipur","130"
2010,"10","Tamil Nadu","30","Ariyalur","tamil nadu","33","ariyalur","616"
2010,"10","Tamil Nadu","13","Chennai","tamil nadu","33","chennai","603"
2010,"10","Tamil Nadu","18","Coimbatore","tamil nadu","33","coimbatore","632"
2010,"10","Tamil Nadu","20","Cuddalore","tamil nadu","33","cuddalore","617"
2010,"10","Tamil Nadu","01","Dharmapuri","tamil nadu","33","dharmapuri","630"
2010,"10","Tamil Nadu","27","Dindigul","tamil nadu","33","dindigul","612"
2010,"10","Tamil Nadu","24","Erode","tamil nadu","33","erode","610"
2010,"10","Tamil Nadu","31","Kancheepuram","tamil nadu","33","kancheepuram","604"
2010,"10","Tamil Nadu","07","Kanniyakumari","tamil nadu","33","kanniyakumari","629"
2010,"10","Tamil Nadu","19","Karur","tamil nadu","33","karur","613"
2010,"10","Tamil Nadu","26","Krishnagiri","tamil nadu","33","krishnagiri","631"
2010,"10","Tamil Nadu","15","Madurai","tamil nadu","33","madurai","623"
2010,"10","Tamil Nadu","06","Nagapattinam","tamil nadu","33","nagapattinam","618"
2010,"10","Tamil Nadu","05","Namakkal","tamil nadu","33","namakkal","609"
2010,"10","Tamil Nadu","23","Perambalur","tamil nadu","33","perambalur","615"
2010,"10","Tamil Nadu","02","Pudukkottai","tamil nadu","33","pudukkottai","621"
2010,"10","Tamil Nadu","21","Ramanathapuram","tamil nadu","33","ramanathapuram","626"
2010,"10","Tamil Nadu","12","Salem","tamil nadu","33","salem","608"
2010,"10","Tamil Nadu","29","Sivagangai","tamil nadu","33","sivaganga","622"
2010,"10","Tamil Nadu","17","Thanjavur","tamil nadu","33","thanjavur","620"
2010,"10","Tamil Nadu","16","The Nilgiris","tamil nadu","33","the nilgiris","611"
2010,"10","Tamil Nadu","04","Theni","tamil nadu","33","theni","624"
2010,"10","Tamil Nadu","32","Tiruvallur","tamil nadu","33","thiruvallur","602"
2010,"10","Tamil Nadu","25","Tiruvarur","tamil nadu","33","thiruvarur","619"
2010,"10","Tamil Nadu","09","Thoothukudi","tamil nadu","33","thoothukkudi","627"
2010,"10","Tamil Nadu","08","Tiruchirappalli","tamil nadu","33","tiruchirappalli","614"
2010,"10","Tamil Nadu","03","Tirunelveli","tamil nadu","33","tirunelveli","628"
2010,"10","Tamil Nadu","33","Tiruppur","tamil nadu","33","tiruppur","633"
2010,"10","Tamil Nadu","22","Tiruvannamalai","tamil nadu","33","tiruvannamalai","606"
2010,"10","Tamil Nadu","11","Vellore","tamil nadu","33","vellore","605"
2010,"10","Tamil Nadu","10","Viluppuram","tamil nadu","33","viluppuram","607"
2010,"10","Tamil Nadu","14","Virudhunagar","tamil nadu","33","virudhunagar","625"
2010,"20","Tripura","02","North Tripura","tripura","16","north tripura","292"
2010,"20","Tripura","03","SouthTripura","tripura","16","south tripura","290"
2010,"20","Tripura","01","West Tripura","tripura","16","west tripura","289"
2010,"13","Uttar Pradesh","30","Agra","uttar pradesh","09","agra","146"
2010,"13","Uttar Pradesh","43","Aligarh","uttar pradesh","09","aligarh","143"
2010,"13","Uttar Pradesh","01","Allahabad","uttar pradesh","09","allahabad","175"
2010,"13","Uttar Pradesh","15","Ambedkar Nagar","uttar pradesh","09","ambedkar nagar","178"
2010,"13","Uttar Pradesh","17","Auraiya","uttar pradesh","09","auraiya","162"
2010,"13","Uttar Pradesh","44","Azamgarh","uttar pradesh","09","azamgarh","191"
2010,"13","Uttar Pradesh","45","Baghpat","uttar pradesh","09","baghpat","139"
2010,"13","Uttar Pradesh","07","Bahraich","uttar pradesh","09","bahraich","180"
2010,"13","Uttar Pradesh","21","Ballia","uttar pradesh","09","ballia","193"
2010,"13","Uttar Pradesh","67","Balrampur","uttar pradesh","09","balrampur","182"
2010,"13","Uttar Pradesh","39","Banda","uttar pradesh","09","banda","170"
2010,"13","Uttar Pradesh","36","Barabanki","uttar pradesh","09","bara banki","176"
2010,"13","Uttar Pradesh","02","Bareilly","uttar pradesh","09","bareilly","150"
2010,"13","Uttar Pradesh","46","Basti","uttar pradesh","09","basti","185"
2010,"13","Uttar Pradesh","47","Bijnor","uttar pradesh","09","bijnor","134"
2010,"13","Uttar Pradesh","18","Budaun","uttar pradesh","09","budaun","149"
2010,"13","Uttar Pradesh","48","Bulandshahr","uttar pradesh","09","bulandshahr","142"
2010,"13","Uttar Pradesh","75","Chandauli","uttar pradesh","09","chandauli","196"
2010,"13","Uttar Pradesh","05","Chitrakoot","uttar pradesh","09","chitrakoot","171"
2010,"13","Uttar Pradesh","41","Deoria","uttar pradesh","09","deoria","190"
2010,"13","Uttar Pradesh","25","Etah","uttar pradesh","09","etah","201"
2010,"13","Uttar Pradesh","33","Etawah","uttar pradesh","09","etawah","161"
2010,"13","Uttar Pradesh","49","Faizabad","uttar pradesh","09","faizabad","177"
2010,"13","Uttar Pradesh","63","Farrukhabad","uttar pradesh","09","farrukhabad","159"
2010,"13","Uttar Pradesh","09","Fatehpur","uttar pradesh","09","fatehpur","172"
2010,"13","Uttar Pradesh","29","Firozabad","uttar pradesh","09","firozabad","147"
2010,"13","Uttar Pradesh","20","Gautam Buddha Nagar","uttar pradesh","09","gautam buddha nagar","141"
2010,"13","Uttar Pradesh","08","Ghaziabad","uttar pradesh","09","ghaziabad","140"
2010,"13","Uttar Pradesh","28","Ghazipur","uttar pradesh","09","ghazipur","195"
2010,"13","Uttar Pradesh","50","Gonda","uttar pradesh","09","gonda","183"
2010,"13","Uttar Pradesh","03","Gorakhpur","uttar pradesh","09","gorakhpur","188"
2010,"13","Uttar Pradesh","64","Hamirpur","uttar pradesh","09","hamirpur","168"
2010,"13","Uttar Pradesh","04","Hardoi","uttar pradesh","09","hardoi","155"
2010,"13","Uttar Pradesh","70","Jalaun","uttar pradesh","09","jalaun","165"
2010,"13","Uttar Pradesh","12","Jaunpur","uttar pradesh","09","jaunpur","194"
2010,"13","Uttar Pradesh","66","Jhansi","uttar pradesh","09","jhansi","166"
2010,"13","Uttar Pradesh","35","Jyotiba Phule Nagar","uttar pradesh","09","jyotiba phule nagar","137"
2010,"13","Uttar Pradesh","69","Kannauj","uttar pradesh","09","kannauj","160"
2010,"13","Uttar Pradesh","51","Kanpur Dehat","uttar pradesh","09","kanpur dehat","163"
2010,"13","Uttar Pradesh","19","Kanpur Nagar","uttar pradesh","09","kanpur nagar","164"
2010,"13","Uttar Pradesh","40","Kanshi Ram Nagar","uttar pradesh","09","kanshiram nagar","202"
2010,"13","Uttar Pradesh","37","Kaushambi","uttar pradesh","09","kaushambi","174"
2010,"13","Uttar Pradesh","34","Kushinagar","uttar pradesh","09","kushinagar","189"
2010,"13","Uttar Pradesh","23","Lalitpur","uttar pradesh","09","lalitpur","167"
2010,"13","Uttar Pradesh","24","Lucknow","uttar pradesh","09","lucknow","157"
2010,"13","Uttar Pradesh","38","Mahoba","uttar pradesh","09","mahoba","169"
2010,"13","Uttar Pradesh","52","Maharajganj","uttar pradesh","09","mahrajganj","187"
2010,"13","Uttar Pradesh","14","Mainpuri","uttar pradesh","09","mainpuri","148"
2010,"13","Uttar Pradesh","53","Mathura","uttar pradesh","09","mathura","145"
2010,"13","Uttar Pradesh","42","Mau","uttar pradesh","09","mau","192"
2010,"13","Uttar Pradesh","06","Meerut","uttar pradesh","09","meerut","138"
2010,"13","Uttar Pradesh","68","Mirzapur","uttar pradesh","09","mirzapur","199"
2010,"13","Uttar Pradesh","54","Moradabad","uttar pradesh","09","moradabad","135"
2010,"13","Uttar Pradesh","26","Muzaffarnagar","uttar pradesh","09","muzaffarnagar","133"
2010,"13","Uttar Pradesh","13","Pilibhit","uttar pradesh","09","pilibhit","151"
2010,"13","Uttar Pradesh","31","Pratapgarh","uttar pradesh","09","pratapgarh","173"
2010,"13","Uttar Pradesh","55","Raebareli","uttar pradesh","09","rae bareli","158"
2010,"13","Uttar Pradesh","56","Rampur","uttar pradesh","09","rampur","136"
2010,"13","Uttar Pradesh","57","Saharanpur","uttar pradesh","09","saharanpur","132"
2010,"13","Uttar Pradesh","71","Santkabir Nagar","uttar pradesh","09","sant kabir nagar","186"
2010,"13","Uttar Pradesh","58","Shahjahanpur","uttar pradesh","09","shahjahanpur","152"
2010,"13","Uttar Pradesh","11","Shravasti","uttar pradesh","09","shrawasti","181"
2010,"13","Uttar Pradesh","59","Siddharthnagar","uttar pradesh","09","siddharthnagar","184"
2010,"13","Uttar Pradesh","16","Sitapur","uttar pradesh","09","sitapur","154"
2010,"13","Uttar Pradesh","60","Sonbhadra","uttar pradesh","09","sonbhadra","200"
2010,"13","Uttar Pradesh","61","Sultanpur","uttar pradesh","09","sultanpur","179"
2010,"13","Uttar Pradesh","62","Unnao","uttar pradesh","09","unnao","156"
2010,"13","Uttar Pradesh","27","Varanasi","uttar pradesh","09","varanasi","197"
2010,"15","Uttarakhand","07","Almora","uttarakhand","05","almora","064"
2010,"15","Uttarakhand","14","Bageshwar","uttarakhand","05","bageshwar","063"
2010,"15","Uttarakhand","08","Chamoli","uttarakhand","05","chamoli","057"
2010,"15","Uttarakhand","13","Champawat","uttarakhand","05","champawat","065"
2010,"15","Uttarakhand","05","Dehradun","uttarakhand","05","dehradun","060"
2010,"15","Uttarakhand","09","Haridwar","uttarakhand","05","hardwar","068"
2010,"15","Uttarakhand","01","Nainital","uttarakhand","05","nainital","066"
2010,"15","Uttarakhand","15","Pithoragarh","uttarakhand","05","pithoragarh","062"
2011,"15","Uttarakhand","16","Rudraprayag","uttarakhand","05","rudraprayag","058"
2010,"15","Uttarakhand","03","Tehri Garhwal","uttarakhand","05","tehri garhwal","059"
2010,"15","Uttarakhand","04","Udham Singh Nagar","uttarakhand","05","udham singh nagar","067"
2010,"15","Uttarakhand","06","Uttarkashi","uttarakhand","05","uttarkashi","056"
2010,"16","West Bengal","19","Bankura","west bengal","19","bankura","339"
2010,"16","West Bengal","08","Birbhum","west bengal","19","birbhum","334"
2010,"16","West Bengal","17","Darjeeling","west bengal","19","darjiling","327"
2010,"16","West Bengal","11","Howrah","west bengal","19","haora","341"
2010,"16","West Bengal","02","Hooghly","west bengal","19","hugli","338"
2010,"16","West Bengal","04","Jalpaiguri","west bengal","19","jalpaiguri","328"
2010,"16","West Bengal","01","Malda","west bengal","19","maldah","332"
2010,"16","West Bengal","12","Murshidabad","west bengal","19","murshidabad","333"
2010,"16","West Bengal","22","Nadia","west bengal","19","nadia","336"
2010,"16","West Bengal","14","North  Twenty Four Parganas","west bengal","19","north twenty four parganas","337"
2010,"16","West Bengal","07","Paschim Medinpur","west bengal","19","paschim medinipur","344"
2010,"16","West Bengal","09","Purba Medinipur","west bengal","19","purba medinipur","345"
2010,"16","West Bengal","10","Purulia","west bengal","19","puruliya","340"
2010,"16","West Bengal","20","South Twenty Four Parganas","west bengal","19","south twenty four parganas","343"
